Id;Name;Account;Bic
1;ИП Горбачев;69337732;WDIOSLA1QUL
2;ООО целесообразности;29477593;RKFOCSN1
3;ЗАО Задач потребностям.;70818600;GETIPEW1
4;ИП Ширяева;07795894;CEDADDF1775
5;ИП Кошелева;16492802;HZSUDGP1035
6;ЗАО Финансовых равным.;01974063;PGIUOMV1
7;ЗАО Значимость с.;29667347;IUMITOW1
8;ООО очевидна;83734502;PGMONPN1
9;ИП Волкова;24572486;NDGUBWI1
10;ИП Котова;00909901;BBDUKHT1
11;ООО идейные;46781817;NOWABIM1762
12;ЗАО Процесс задача.;71209271;BSJOBLS1
13;ИП Цветкова;62297885;CSXITJP1
14;ИП Мельникова;83251535;NCPUFXH1492
15;ООО создаёт;98453847;RQQIJOH1
16;ЗАО Идейные специалистов.;03116717;FHTILCE1
17;ИП Суворова;30129842;GCKISEH1
18;ЗАО Намеченных задача.;52380784;GSZOCUW1
19;ИП Кудрявцев;45337642;DVEIUZS1
20;ООО специалистов;07385916;BBAEUZQ1
21;ЗАО Опыт же.;15010146;BNCOPFW1EOX
22;ЗАО Повышение экономической.;43156630;GJIOCOC1080
23;ООО форм;91764154;PLUEKGH1
24;ЗАО Предложений принципов.;39835954;ZDXEBUP1
25;ООО инновационный;52764118;PTFOTGI1
26;ИП Бурова;16361703;ATBUMZW1240
27;ЗАО Прогресса реализация.;94394443;YNUIBYV1523
28;ЗАО Различных условий.;76013373;QOFALAE1
29;ЗАО Правительством кадров.;74100519;QGHUYUK1
30;ЗАО Структура работы.;55927059;FJPEFME1
31;ИП Кузнецов;85564005;OAYEAFZ1
32;ЗАО Особенности задач.;83973275;HHAUMYJ1
33;ЗАО Активизации кадровой.;60419443;GKPUZME1
34;ЗАО Анализа понимание.;78826567;HAGIKPG1
35;ООО предложений;47291144;OYDEFKU1718
36;ИП Голубева;85350142;DTBICLO1
37;ООО сложившаяся;23287847;FOWIDDN1517
38;ЗАО Широкому рост.;74976777;GRXEMLS1
39;ООО изменений;93076332;AKOOITN1878
40;ЗАО Оценить с.;86826896;ZXIIACP1
41;ЗАО На вызывает.;75184444;BENEMXB1
42;ООО следует;49909095;ODSAMAV1WUF
43;ООО кадровой;87337563;DZFISZH1JID
44;ООО структуры;02759999;CIYUATN1FIA
45;ООО общества;12965788;ELTUBYL1717
46;ИП Рыбакова;78743666;JTFAKHZ1
47;ЗАО Задач поставленных.;71692544;WWNOBGO1
48;ЗАО Новых ресурсосберегающих.;71804024;ZMRIEUM1
49;ЗАО Значимость создаёт.;51214591;OWZOLVZ1
50;ООО активности;62633712;KDBUIED1
51;ИП Кудряшов;36672873;YDRUMHQ1708
52;ЗАО Вызывает с.;42513899;NIMIICS1
53;ООО настолько;97896765;QUUOOML1475
54;ООО и;33489119;VUHEKGI1
55;ИП Терентьев;38394279;EABOIOY1XUI
56;ООО условий;50309289;TOTOOMM1
57;ООО кадров;36364973;JZXABAT1412
58;ЗАО Порядка шагов.;30210869;LKIEREX1782
59;ЗАО Обучения а.;71722535;MLJEGRU1163
60;ЗАО Соображения кругу.;45219153;USYASKV1
61;ООО прогресса;32926948;JUTIVNC1154
62;ЗАО Поэтапного кадровой.;72061888;NVOIDEO1
63;ЗАО Проверки предпосылки.;45230054;CSLEMYW1PEZ
64;ИП Кулакова;84516823;WOBUSSP1
65;ЗАО Нас гражданского.;51908556;USGEARQ1
66;ЗАО Современного вызывает.;94534077;UEWILIU1
67;ЗАО Дальнейших систему.;05068153;WKJOVIU1ZOF
68;ООО важные;86075385;ACZOBFN1350
69;ЗАО Направлений сознания.;33588931;FXWOBRI1
70;ЗАО Новая базы.;22777682;LRVAMPE1
71;ЗАО Соображения новых.;33823493;NGGILUK1
72;ООО активом;69134395;ICGAVCC1
73;ИП Большаков;95437559;EHGOMAS1
74;ЗАО Определения количественный.;49913904;ATTAPGL1
75;ИП Мамонтова;77845803;JCZESCR1
76;ООО выполнять;63958711;YTEUAEI1
77;ИП Артемьев;89593546;ZOKOBMG1
78;ИП Петрова;17824838;TSXEAQO1RUS
79;ИП Уварова;52264268;KGGANGV1
80;ЗАО Анализа понимание.;46637441;RSFUAWX1
81;ЗАО Актуальность развития.;73002104;FZGESDV1
82;ООО вызывает;21421190;YYUIEAT1
83;ООО начало;00098838;OTMUKRB1
84;ЗАО Образом организационной.;08625956;NOPOJMF1
85;ООО анализа;63852965;KILOGEX1
86;ООО принимаемых;77852295;XFGOPKJ1507
87;ЗАО Соображения финансовых.;69350772;AQIAIQT1273
88;ООО однако;59841620;IXFUBOM1
89;ООО значительной;35352782;BKFICSW1
90;ЗАО Также форм.;41069315;QWXAKYE1
91;ЗАО Новых потребностям.;05160934;HCNAGIE1
92;ИП Федорова;62012605;SLSOGQE1MOB
93;ООО обеспечение;54368033;UNBUMOW1183
94;ИП Воронцов;53113563;HHYIMZS1JUC
95;ИП Брагин;23835094;ILGEMGK1470
96;ИП Гордеева;18844604;TVBAMYB1
97;ООО в;72722145;ATCETDA1
98;ИП Орехова;24871912;JRTELBU1607
99;ООО высшего;40926101;ABJEPKT1
100;ИП Лазарева;46104870;NGFABYW1502
